Subreddit,Image URL,Upvotes,Date,ID
ucla,https://i.redd.it/6tofwqt84nwc1.jpeg,1191,1714057255,Protest
ucla,https://i.redd.it/e5m85zlngvyc1.jpeg,92,1715029980,School
ucla,https://i.redd.it/ewqprnomvnwc1.jpeg,716,1714066466,Protest
ucla,https://i.redd.it/hkq810spbpxc1.jpeg,251,1714519831,School
ucla,https://www.reddit.com/gallery/1cyuhk6,469,1716475418,Misc
ucla,https://i.redd.it/0s78hc13mvwc1.png,132,1714160110,School
ucla,https://i.redd.it/d17z0qcow2yc1.jpeg,41,1714684267,Misc
ucla,https://i.redd.it/wo0q892zhzxc1.jpeg,132,1714643002,Misc
ucla,https://i.redd.it/fzfcbnu1e5yc1.jpeg,20,1714714326,Protest
ucla,https://i.redd.it/482g3pl9kpxc1.png,337,1714522715,School
UCSD,https://www.reddit.com/gallery/1chun41,572,1714591085,Screenshots
UCSD,https://www.reddit.com/gallery/1b8gjej,818,1709772142,Protest
UCSD,https://i.redd.it/gauxjjoywfmc1.jpeg,258,1709611578,Screenshots
UCSD,https://i.redd.it/5tdjfefb52zc1.png,430,1715110915,Screenshots
UCSD,https://www.reddit.com/gallery/1b8ijf9,703,1709777577,Protest
UCSD,https://i.redd.it/62ohensqh2yc1.jpeg,41,1714679246,Screenshots
UCSD,https://i.redd.it/hrqpsh9vyzkc1.jpeg,796,1708982659,School
UCSD,https://www.reddit.com/gallery/1cizqby,48,1714709733,School
UCSD,https://i.redd.it/b8k7rpv3xsmc1.jpeg,419,1709769023,Protest
UCSD,https://www.reddit.com/gallery/1clnpim,137,1715013805,Protest
UCSD,https://i.redd.it/fq2m14l733zc1.jpeg,140,1715122313,Screenshots
UCSD,https://i.redd.it/ty4zl3ge6vxc1.jpeg,310,1714590684,Protest
UCSD,https://i.redd.it/13tvoo7va5yc1.jpeg,49,1714713254,School
UCSD,https://i.redd.it/vn94urdif9yc1.jpeg,728,1714763243,Screenshots
UCSD,https://www.reddit.com/gallery/1cl7kzl,52,1714960394,Protest
UCSD,https://i.redd.it/fgr3lsle5pyc1.jpeg,77,1714953559,Protest
UCSD,https://www.reddit.com/gallery/1clricu,191,1715023103,Protest
UCSD,https://www.reddit.com/gallery/1b8jcrp,139,1709779821,Misc
UCSD,https://i.redd.it/ygbrqrx86tmc1.jpeg,107,1709772096,Protest
UCSD,https://i.redd.it/6397wk07gkoc1.jpeg,284,1710538168,Protest
UCSD,https://i.redd.it/c7dw2zmyo2zc1.jpeg,68,1715117521,Screenshots
UCSD,https://i.redd.it/zz0kdv711uyc1.jpeg,14,1715012619,Screenshots
UCSD,https://i.redd.it/r54ohkk2tpyc1.jpeg,121,1714961514,Misc
UCSD,https://i.redd.it/y2r01wdzriyc1.jpeg,144,1714876400,Misc
UCSC,https://i.redd.it/x97nzcb3tl2d1.jpeg,678,1716656486,School
UCSC,https://i.redd.it/69nx4q9ijcyc1.jpeg,1004,1714800909,School
UCSC,https://www.reddit.com/gallery/1cxorbn,7,1716342235,School
UCSC,https://i.redd.it/1jhsqneeh2yc1.jpeg,396,1714679130,Misc
UCSC,https://i.redd.it/fi53ygl7z8yc1.jpeg,591,1714757763,Misc
UCSC,https://i.redd.it/osfx7nu1no3d1.jpeg,1,1717126678,Misc
UCSC,https://i.redd.it/fgh25prtor3d1.jpeg,172,1717163540,Screenshots
UCSC,https://i.redd.it/w25j8eq28u3d1.jpeg,46,1717194228,Screenshots
UCSC,https://i.redd.it/76fnjiu7xo3d1.jpeg,39,1717130043,Screenshots
UCI,https://www.reddit.com/gallery/1ct2vqo,948,1715827545,Protest
UCI,https://www.reddit.com/gallery/1cvh76t,1055,1716097549,Protest
UCI,https://www.reddit.com/gallery/1crlap3,17,1715667328,Protest
UCI,https://www.reddit.com/gallery/1ctbvq2,97,1715863001,Protest
UCI,https://i.redd.it/aulhg9l5sayc1.png,551,1714779611,School
UCI,https://www.reddit.com/gallery/1cdtvsj,670,1714158925,Protest
UCI,https://www.reddit.com/gallery/1cvh0dj,155,1716096820,Protest
UCI,https://www.reddit.com/gallery/1ctkmax,179,1715885829,Protest
UCI,https://www.reddit.com/gallery/1ct2onk,127,1715826896,Protest
UCI,https://www.reddit.com/gallery/1ctpqpd,111,1715898355,Protest
UCI,https://i.redd.it/70ahlz8bpo0d1.jpeg,18,1715819839,Protest
UCI,https://www.reddit.com/gallery/1cvgqh3,55,1716095737,Protest
UCI,https://i.redd.it/0m880zeept0d1.jpeg,282,1715880403,Misc
UCI,https://www.reddit.com/gallery/1cvghle,37,1716094805,Protest
UCDavis,https://www.reddit.com/gallery/1cm08vu,1302,1715046318,Misc
UCDavis,https://www.reddit.com/gallery/1cmu72e,64,1715136806,Misc
UCDavis,https://www.reddit.com/gallery/1co9ip8,167,1715292649,Protest
UCDavis,https://i.redd.it/ckusnh8i2dtc1.jpeg,1,1712628057,Misc
UCDavis,https://www.reddit.com/gallery/1ci3g2r,193,1714613740,Protest
UCDavis,https://i.redd.it/t2j3mngx4h3d1.png,47,1717035780,School
ucr,https://i.redd.it/cu0zegz5ofxc1.jpeg,138,1714402948,Misc
ucr,https://www.reddit.com/gallery/1b4wepr,3,1709407595,Screenshots
berkeley,https://i.redd.it/1ye55p4s67kc1.png,765,1708634301,School
berkeley,https://i.redd.it/b8ode09jv4wc1.jpeg,1113,1713836511,Screenshots
columbia,https://i.redd.it/zjo1lekbp1yc1.jpeg,47,1714669688,
nyu,https://www.reddit.com/gallery/1d540yz,77,1717183848,School
UIUC,https://www.reddit.com/gallery/1cfj1f0,388,1714343190,Screenshots
UIUC,https://www.reddit.com/gallery/1cfn6sh,163,1714355039,School
UIUC,https://www.reddit.com/gallery/1ce0mqj,190,1714176125,Protest
UIUC,https://www.reddit.com/gallery/1cdqow7,350,1714151078,Protest
UIUC,https://www.reddit.com/gallery/1cf0axk,324,1714288030,Misc
UIUC,https://www.reddit.com/gallery/1ce6car,101,1714194093,School
UIUC,https://www.reddit.com/gallery/1d3bwao,596,1716988419,Protest
ucf,https://i.redd.it/2szo6jcbfeic1.jpeg,420,1707850145,Protest
ASU,https://i.redd.it/3k0tycec4vwc1.jpeg,621,1714154143,Protest
ASU,https://i.redd.it/6foj8p4mugxc1.jpeg,2047,1714417223,School
ASU,https://i.redd.it/nj63jgwtewxc1.jpeg,324,1714605624,School
uofm,https://i.redd.it/dd1sxqkb13rc1.jpeg,902,1711634894,Protest
uofm,https://i.redd.it/ybbmtyy3sfec1.jpeg,381,1706123163,Protest
uofm,https://www.reddit.com/gallery/1bqzwot,47,1711747712,Screenshots
uofm,https://i.redd.it/jgegeizwv0wc1.jpeg,523,1713788102,Protest
rutgers,https://www.reddit.com/gallery/1cmvh86,81,1715140898,Protest
rutgers,https://www.reddit.com/gallery/1cis02s,198,1714686895,Screenshots
VirginiaTech,https://www.reddit.com/gallery/1cdrmh0,438,1714153372,Misc
CSULB,https://i.redd.it/v6bn23n3g3yc1.png,95,1714690801,Misc
CSULB,https://www.reddit.com/gallery/1ciooxt,20,1714678748,School
CSULB,https://i.redd.it/mi325h0yl2yc1.jpeg,17,1714680659,Screenshots
CSULB,https://i.redd.it/rbu2jkd1c2yc1.jpeg,146,1714677328,Misc
CSULA,https://www.reddit.com/gallery/1d2apc7,41,1716869303,Misc
Drexel,https://www.reddit.com/gallery/1cvt7q6,109,1716138855,Protest
Emory,https://i.redd.it/1fan3c171k3d1.png,15,1717070845,Misc
IndianaUniversity,https://i.redd.it/4szhovccx1xc1.jpeg,298,1714236537,Protest
IndianaUniversity,https://i.redd.it/kgdsyx2kvqwc1.png,50,1714102761,Screenshots
IndianaUniversity,https://i.redd.it/099c5tz5jfxc1.jpeg,376,1714401297,Protest
IndianaUniversity,https://i.redd.it/y38andh6v8yc1.png,87,1714756406,Screenshots
IndianaUniversity,https://i.redd.it/255cjcsqw3xc1.jpeg,76,1714260549,Screenshots
IndianaUniversity,https://i.redd.it/6g69m1mvt7yc1.png,80,1714744096,Screenshots
IndianaUniversity,https://www.reddit.com/gallery/1cff46a,189,1714333432,Screenshots
IndianaUniversity,https://www.reddit.com/gallery/1cg0a3q,102,1714400341,Protest
IndianaUniversity,https://i.redd.it/ff0z6bnhj9xc1.png,30,1714328810,Misc
CalPoly,https://i.redd.it/c0rr6whq19ec1.jpeg,9,1706041649,Misc
Cornell,https://i.redd.it/bof73d0lv1xc1.jpeg,1202,1714235946,Misc
washu,https://i.redd.it/9dw32g2u4ayc1.jpeg,94,1714771759,Misc
VirginiaTech,https://www.reddit.com/gallery/1cdrmh0,430,1714153372,Misc
udub,https://www.reddit.com/gallery/1bwkfqb,1419,1712329774,Misc
udub,https://www.reddit.com/gallery/1csomqh,204,1715789466,Protest
udub,https://i.redd.it/zyg29h4hqyxc1.png,454,1714634221,School
USC,https://www.reddit.com/gallery/1ccyizg,586,1714069536,Protest
USC,https://www.reddit.com/gallery/1ccjuxc,205,1714022182,Screenshots
USC,https://www.reddit.com/gallery/1cdsos3,185,1714155969,Protest
CUNY,https://www.reddit.com/gallery/1am34q7,24,1707418507,Protest
Gonzaga,https://i.redd.it/4niav6kneuxc1.jpeg,1,1714581356,Screenshots
CSUS,https://www.reddit.com/gallery/1cg6iec,131,1714415405,Screenshots
